{
    "Parent1": {
        "Accuracy": 0.5277777777777778,
        "AUC": 0.5871095343344179,
        "Precision": 0.6795665634674922,
        "Recall": 0.37617823479005996,
        "F1 Score": 0.48428019856591287,
        "Confusion Matrix": [
            [
                606,
                207
            ],
            [
                728,
                439
            ]
        ]
    },
    "Parent2": {
        "Accuracy": 0.5166666666666667,
        "AUC": 0.5511482749788937,
        "Precision": 0.6530612244897959,
        "Recall": 0.3838903170522708,
        "F1 Score": 0.48354020507285483,
        "Confusion Matrix": [
            [
                575,
                238
            ],
            [
                719,
                448
            ]
        ]
    },
    "MeGA": {
        "Accuracy": 0.6090909090909091,
        "AUC": 0.538960402457495,
        "Precision": 0.6068515497553018,
        "Recall": 0.9562982005141388,
        "F1 Score": 0.7425149700598802,
        "Confusion Matrix": [
            [
                90,
                723
            ],
            [
                51,
                1116
            ]
        ]
    },
    "MeGA-IA": {
        "Accuracy": 0.5934343434343434,
        "AUC": 0.5516921364586396,
        "Precision": 0.615877080665813,
        "Recall": 0.8243359040274207,
        "F1 Score": 0.7050201539025284,
        "Confusion Matrix": [
            [
                213,
                600
            ],
            [
                205,
                962
            ]
        ]
    }
}