Model,EER (%),AUC-ROC,Accuracy (%),Precision,Recall,F1 Score
Parent-1 (LA),58.8235,0.398693,41.1765,0.411765,0.411765,0.411765
Parent-2 (ITW),49.0196,0.51288,50.9804,0.509804,0.509804,0.509804
